"country","estimand","estimate","SE","CI_lo","CI_hi","people","observations","low_people","mid_people","status","singular","rank","columns","message"
"Spain","instantaneous_rate_year_4",-0.00504369287805145,0.0363343897521216,-0.076257788192451,0.0661704024363481,5839,21045,5152,687,"ok",FALSE,20,20,""
"Spain","average_annual_change_difference_0_to_4",-0.044250216733671,0.0307562298091475,-0.104531319459837,0.0160308859924953,5839,21045,5152,687,"ok",FALSE,20,20,""
"Italy","instantaneous_rate_year_4",0.00493321197604506,0.0263645239836438,-0.0467403055014392,0.0566067294535293,5361,20340,4089,1272,"ok",FALSE,20,20,""
"Italy","average_annual_change_difference_0_to_4",-0.032639042608141,0.0235895506248366,-0.0788737122443051,0.0135956270280231,5361,20340,4089,1272,"ok",FALSE,20,20,""
"Czech Republic","instantaneous_rate_year_4",-0.0135073053454,0.0259116526359955,-0.0642932112918635,0.0372786006010636,4942,18760,2344,2598,"ok",FALSE,20,20,""
"Czech Republic","average_annual_change_difference_0_to_4",-0.0333959129851266,0.020438925766774,-0.0734554713706915,0.00666364540043817,4942,18760,2344,2598,"ok",FALSE,20,20,""
"Belgium","instantaneous_rate_year_4",0.00668061198449847,0.0219970915999258,-0.0364328953159847,0.0497941192849816,4838,18273,2905,1933,"ok",FALSE,20,20,""
"Belgium","average_annual_change_difference_0_to_4",-0.0293754172575825,0.0202200556654717,-0.0690059981273022,0.0102551636121372,4838,18273,2905,1933,"ok",FALSE,20,20,""
"Estonia","instantaneous_rate_year_4",-0.0637090161169984,0.0325602960438523,-0.127526023688911,0.000107991454913955,4808,17678,1734,3074,"ok",FALSE,20,20,""
"Estonia","average_annual_change_difference_0_to_4",-0.010478200511123,0.0275172541665488,-0.0644110276309935,0.0434546266087474,4808,17678,1734,3074,"ok",FALSE,20,20,""
"France","instantaneous_rate_year_4",0.0399578268044218,0.0223795021951105,-0.00390519148992993,0.0838208450987735,4652,17610,2630,2022,"ok",FALSE,20,20,""
"France","average_annual_change_difference_0_to_4",-0.00695453407770345,0.0214722103798379,-0.0490392930906528,0.0351302249352459,4652,17610,2630,2022,"ok",FALSE,20,20,""
"Greece","instantaneous_rate_year_4",-0.0998857895651449,0.029380802312118,-0.157471103933787,-0.0423004751965025,3954,12114,2666,1288,"ok",FALSE,20,20,""
"Greece","average_annual_change_difference_0_to_4",-0.133889767738402,0.0280072487619601,-0.188782966617898,-0.0789965688589062,3954,12114,2666,1288,"ok",FALSE,20,20,""
"Germany","instantaneous_rate_year_4",0.00597093194894541,0.0356310260798221,-0.0638645958997133,0.0758064597976041,3917,13867,696,3221,"ok",FALSE,20,20,""
"Germany","average_annual_change_difference_0_to_4",0.00198552504227634,0.0300361987303983,-0.0568843427017921,0.0608553927863448,3917,13867,696,3221,"ok",FALSE,20,20,""
"Sweden","instantaneous_rate_year_4",0.0130730771586646,0.024367007509888,-0.0346853799717328,0.060831534289062,3621,13800,2057,1564,"ok",FALSE,20,20,""
"Sweden","average_annual_change_difference_0_to_4",0.0326258633355578,0.0235921680845519,-0.0136139364273791,0.0788656630984948,3621,13800,2057,1564,"ok",FALSE,20,20,""
"Austria","instantaneous_rate_year_4",-0.0502242913022293,0.0302748147445909,-0.10956183784025,0.00911325523579113,3594,13182,1218,2376,"ok",FALSE,20,20,""
"Austria","average_annual_change_difference_0_to_4",0.00658392991929693,0.0274670654836614,-0.0472505291896825,0.0604183890282764,3594,13182,1218,2376,"ok",FALSE,20,20,""
"Slovenia","instantaneous_rate_year_4",0.0132893963388344,0.0353490257171389,-0.055993420955338,0.0825722136330068,3562,11837,1429,2133,"ok",FALSE,20,20,""
"Slovenia","average_annual_change_difference_0_to_4",-0.0150951254841372,0.0283454798338989,-0.0706512450830854,0.040460994114811,3562,11837,1429,2133,"ok",FALSE,20,20,""
"Switzerland","instantaneous_rate_year_4",-0.0643369009880891,0.0293511689214431,-0.121864134978269,-0.00680966699790937,2953,12483,798,2155,"ok",FALSE,20,20,""
"Switzerland","average_annual_change_difference_0_to_4",-0.0395113868605075,0.0278148195047467,-0.0940274313262932,0.0150046576052782,2953,12483,798,2155,"ok",FALSE,20,20,""
"Netherlands","instantaneous_rate_year_4",-0.0177728098520876,0.0325043725607878,-0.0814802094113037,0.0459345897071285,2878,8506,1903,975,"ok",FALSE,20,20,""
"Netherlands","average_annual_change_difference_0_to_4",-0.0470489268236679,0.0304576081377988,-0.106744741828988,0.0126468881816517,2878,8506,1903,975,"ok",FALSE,20,20,""
"Poland","instantaneous_rate_year_4",-0.0339338949304494,0.0520189190235524,-0.135889102731318,0.0680213128704189,2850,8450,1045,1805,"ok",FALSE,20,20,""
"Poland","average_annual_change_difference_0_to_4",0.00568785076268306,0.0346898195582025,-0.0623029462015869,0.073678647726953,2850,8450,1045,1805,"ok",FALSE,20,20,""
"Denmark","instantaneous_rate_year_4",-0.0155480662593911,0.0311970320662617,-0.0766931255338051,0.045596993015023,2644,10359,889,1755,"ok",FALSE,20,20,""
"Denmark","average_annual_change_difference_0_to_4",-0.0202658130124673,0.0275504625744603,-0.0742637274158282,0.0337321013908936,2644,10359,889,1755,"ok",FALSE,20,20,""
"Israel","instantaneous_rate_year_4",-0.111810956573171,0.0371611548640778,-0.184645481730679,-0.0389764314156635,1892,7013,983,909,"ok",FALSE,20,20,""
"Israel","average_annual_change_difference_0_to_4",0.0419640820890335,0.0419036212645422,-0.0401655064112761,0.124093670589343,1892,7013,983,909,"ok",FALSE,20,20,""
"Croatia","instantaneous_rate_year_4",-0.330483580846213,0.309308335407372,-0.936716778362697,0.275749616670271,1749,4313,1229,520,"ok",FALSE,20,20,""
"Croatia","average_annual_change_difference_0_to_4",0.00730909789814727,0.145964746353755,-0.278776547967737,0.293394743764031,1749,4313,1229,520,"ok",FALSE,20,20,""
"Portugal","instantaneous_rate_year_4",-0.0677949239046342,0.214704230677478,-0.48860748336087,0.353017635551602,1369,3572,1215,154,"singular_random_slope",TRUE,20,20,"boundary (singular) fit: see help('isSingular')"
"Portugal","average_annual_change_difference_0_to_4",0.0311107791667972,0.0786549740463952,-0.12305013716907,0.185271695502664,1369,3572,1215,154,"singular_random_slope",TRUE,20,20,"boundary (singular) fit: see help('isSingular')"
"Luxembourg","instantaneous_rate_year_4",0.0937976257244789,0.0667324485287836,-0.0369955699921097,0.224590821441068,1183,3540,614,569,"ok",FALSE,20,20,""
"Luxembourg","average_annual_change_difference_0_to_4",-0.0215135556679834,0.0576983872713878,-0.134600316685948,0.0915732053499809,1183,3540,614,569,"ok",FALSE,20,20,""
